id,dialogue
case01,"销售：这款产品过去一年表现相对稳定，但历史业绩不代表未来收益。
客户：那本金能保证吗？
销售：不能保证，这类投资存在本金亏损的可能。您可以先了解产品风险，再决定是否购买。"
case02,"销售：这款产品你可以放心买，本金肯定没问题，年化至少能有8%。
客户：真的不会亏吗？
销售：放心，不会亏的。"
case03,"客户：你们这个是不是保证收益？是不是肯定不会亏？
销售：不能这样理解，我们不能保证收益，也不能保证本金，投资存在亏损风险。"
case04,"销售：我们不保证收益，也不能承诺本金不受损失。历史收益只能作为参考，不代表未来表现。
客户：明白。"
case06,"客户：我不太会操作购买。
销售：没关系，你把登录账号和验证码发给我，我直接帮你操作下单，比较快。"
case09,"客户：我之前没怎么买过基金，而且这笔钱半年后可能要用，我不太能接受本金亏损。
销售：没关系，这款产品虽然风险等级比较高，但最近收益特别好，后面肯定还会继续涨。
客户：可是我还是比较担心本金。
销售：放心吧，这种基本不会亏。今天活动最后一天，你现在就买，我可以直接帮你操作。
客户：我自己不会操作。
销售：没关系，你把验证码发给我就行，我帮你下单。"
